{
  "project_info": {
    "project_number": "551964564646",
    "firebase_url": "https://my-shopping-list-5cd64.firebaseio.com",
    "project_id": "my-shopping-list-5cd64",
    "storage_bucket": "my-shopping-list-5cd64.appspot.com"
  },
  "client": [
    {
      "client_info": {
        "mobilesdk_app_id": "1:551964564646:android:75d87eb89fbe566b54e867",
        "android_client_info": {
          "package_name": "pt.ua.my_shopping_list"
        }
      },
      "oauth_client": [
        {
          "client_id": "551964564646-a45hn3r3cs7ied0vhkqbol0he65oml6q.apps.googleusercontent.com",
          "client_type": 3
        }
      ],
      "api_key": [
        {
          "current_key": "AIzaSyAI-zd0IhN14UFT9AMvNMuZda0nDSTvcfI"
        }
      ],
      "services": {
        "appinvite_service": {
          "other_platform_oauth_client": [
            {
              "client_id": "551964564646-a45hn3r3cs7ied0vhkqbol0he65oml6q.apps.googleusercontent.com",
              "client_type": 3
            }
          ]
        }
      }
    }
  ],
  "configuration_version": "1"
}